position_loss,velocity_loss,steering_loss,acceleration_loss,traffic_light_color_loss,traffic_light_confidence_loss,total_nll,position_l2_raw,velocity_l1_raw,traffic_light_discrepancy_loss,total_loss
-3.2288803056192896,-2.283859107953807,-0.7611349772972366,0.2705074507248355,0.2870087261781009,0.6542300629866986,-5.062128132209182,0.08421902097567606,0.08972160096163861,0.05212188842900408,-5.010006229082744
-2.6649856250733137,-3.205892146875461,-0.7702231671040257,-0.6175814995658584,-0.12918247307796568,0.010137653265284522,-7.377727292478085,0.028675467227003537,0.04911162020289339,0.037923948131113626,-7.339803336809079
-2.076843150270482,-3.0383479023973146,-0.7001201986956099,-0.6560826033043364,-0.13415640973168289,-0.04056314286678268,-6.646113406866789,0.019782762824130867,0.04173425570479594,0.033941348767257296,-6.612172054747741
-1.8039129360889394,-2.969271896407008,-0.6699163531884551,-0.6806519247281054,-0.1275090916477287,-0.05418650437688181,-6.305448684841394,0.01648179466671233,0.038153189418759816,0.030833902810021147,-6.274614791075389
-1.6280939979478717,-2.9034144238879285,-0.6422455587889999,-0.6903867887643477,-0.12314445452284417,-0.06461785180416275,-6.051903045425813,0.014804731649443662,0.035725879002711736,0.028975606731061514,-6.022927445669969
-1.4935366623103619,-2.846442789460222,-0.6195424816881617,-0.701866072913011,-0.1193678400495628,-0.06107004505785577,-5.841825903703769,0.013567924970023645,0.03321188841558372,0.02705214571081645,-5.814773752043645
-1.4029586243753631,-2.8015917601684728,-0.5991672747768462,-0.7084291474893689,-0.11094128893197801,-0.05641209064714303,-5.679500201096137,0.012954169947382374,0.032189573020635485,0.025312678888440132,-5.65418753772974
-1.3028921590497096,-2.757294704206288,-0.5744699536201855,-0.7202412988990545,-0.10952632303378824,-0.06073994214580125,-5.525164388120174,0.012189351771667134,0.030424280252191238,0.023301477553710963,-5.501862907161315
-1.2380407778546214,-2.701466632386049,-0.5515732049631575,-0.7370400223881006,-0.10512962013141684,-0.06124698344657039,-5.394497248033683,0.011745486272654185,0.028918644005898386,0.021890409601231415,-5.372606831292312
-1.1830117693170905,-2.651705738157034,-0.5354392022515336,-0.7472282228991389,-0.1034507084082179,-0.0557291446719906,-5.2765648029744625,0.011260532429635836,0.027601280225402054,0.02108558094429706,-5.255479207883279
-1.1292096086156864,-2.5882766749709845,-0.5080695329234004,-0.7548878684950372,-0.09766152378779225,-0.054891558048060084,-5.132996761550506,0.010817241927725263,0.026433702480668824,0.020052967703425868,-5.112943794578314
-1.0961394834642608,-2.535652785251538,-0.4834443411479394,-0.767817456740886,-0.09771465611447638,-0.05554812513311921,-5.036316817005475,0.01046092745915909,0.02533457782313538,0.019075879111672595,-5.017240932832162
-1.0860808957368135,-2.48629391224434,-0.46389774993682903,-0.7764464723877609,-0.09900746242359067,-0.04919754746645921,-4.960924019416173,0.010303292845492251,0.024383940636956442,0.018098339625187993,-4.942825686186552
-1.0712321979614596,-2.425272189080715,-0.4377196196777125,-0.7788176382891834,-0.09689804022248912,-0.05166855736924466,-4.861608251929283,0.01005063988850452,0.023319592956492368,0.01753231938710087,-4.844075924406449
-1.0562263910348217,-2.3686928202708564,-0.4185029324920227,-0.7875930837665995,-0.0961030481794296,-0.0519046174970299,-4.779022891074419,0.009755165590225564,0.022480793462212507,0.0167961204048576,-4.762226754178603
-1.0560426896748443,-2.307966531564792,-0.404004450654611,-0.7915818545346459,-0.09888622583078661,-0.05989766572285286,-4.718379403154056,0.009588980989065021,0.021518038532425027,0.016149875826765008,-4.702229521547754
-1.0713249151594937,-2.2658071235443153,-0.3873459001382192,-0.7904345217781762,-0.1002126484472683,-0.07515022975227718,-4.69027533258001,0.00957278275503389,0.021034048263876077,0.015641012352716643,-4.674634323765834
-1.0655307931204636,-2.2169062606990337,-0.37141107534989715,-0.7980628916993737,-0.10488812502793128,-0.08363422947528913,-4.6404333636164665,0.009329696201651435,0.020414523300132714,0.014954341061335677,-4.6254790263871355
-1.061872790257136,-2.1721998589734235,-0.3620111205770324,-0.8006658738789459,-0.10496644757889347,-0.0849968312359124,-4.586712935318549,0.009203606396719502,0.01987988012842834,0.01474338958360022,-4.571969548861186
-1.0577755716318886,-2.1223804469530783,-0.35146202286705375,-0.8011807921963433,-0.10853315736918982,-0.08891580286873098,-4.530247786392768,0.0089687935699961,0.019334585008133825,0.014209131842411201,-4.516038644437988
-1.0611240745832522,-2.0739069121579328,-0.33989577647298574,-0.8057921829943856,-0.11135759919852717,-0.09298343530887603,-4.485059990237157,0.008879358453365663,0.01884109712167022,0.013586853068166723,-4.471473141262929
-1.0621356779399018,-2.031869364591936,-0.33863185136578977,-0.8038148110111555,-0.1128328190384309,-0.09631311855139302,-4.445597646137078,0.008736049631503798,0.01847513247533546,0.013255498538152702,-4.432342145591974
-1.0564458997299273,-2.0098992896576724,-0.3283149424629907,-0.8128586732782423,-0.11247696722178564,-0.10023246762420968,-4.42022823356092,0.008599617599732786,0.018225117310066707,0.013167333165862752,-4.4070609000821905
-1.05567678824688,-1.98837115863959,-0.32191517297178507,-0.8097242334236702,-0.1116418276681846,-0.09633564751644978,-4.383664841453235,0.008500650054581152,0.018036290760695312,0.01312703032939074,-4.3705378118902445
-1.0529877473600209,-1.978372065660854,-0.3181020635335396,-0.8145795913102726,-0.11392305295013709,-0.10003443730784056,-4.377998928229014,0.008412552787679791,0.0177795242270804,0.012582721191089755,-4.365416205177705
-1.0449225219587486,-1.961176675123473,-0.3140583621958892,-0.8204608585995933,-0.11473705830909846,-0.10434120140052983,-4.359696677575509,0.008238604027913729,0.017414704869831137,0.012466673979361076,-4.3472299966961145
-1.0409934599883854,-1.95304205113401,-0.309874535460646,-0.8183387558286389,-0.11431105742303771,-0.10503087837666196,-4.341590749720733,0.008152601717786942,0.017274769251040805,0.011987198326702734,-4.329603544125955
-1.0339498723236222,-1.9436100445066888,-0.30762743041850626,-0.8215612859154741,-0.11503811279847771,-0.10902435341510379,-4.330811095113556,0.00804723509888087,0.017012965169366605,0.011834949546027929,-4.318976153930028
-1.041304392895351,-1.9301862545932333,-0.3074503841344267,-0.821660372428596,-0.11554386925323949,-0.10865612122870516,-4.324801384160916,0.008059495296038222,0.016776049160398543,0.011555020186885182,-4.313246379916866
-1.033846774448951,-1.934075601088504,-0.30204916989896446,-0.8248138080040613,-0.11761207758111898,-0.11034722525801044,-4.32274463524421,0.007961952896342458,0.016766581715880118,0.011444532405827582,-4.311300115038951
-1.0229807221330702,-1.913326654272775,-0.2976260125481834,-0.829778214606146,-0.11761354598214287,-0.11233387381920086,-4.293659025803208,0.007803143183991779,0.0164018615129559,0.011212152101506945,-4.282446877410014
-1.0260730511508882,-1.9190955571830273,-0.29882165471402306,-0.8272064362342159,-0.11682383673602696,-0.11440771990116143,-4.302428242440025,0.007775030372916565,0.016388877847930416,0.010957002868963173,-4.2914712360749645
-1.02330579670767,-1.9106688012058537,-0.29825124439472955,-0.8321694123248259,-0.11489691873619752,-0.11169418701805019,-4.290986351047953,0.007747692480431094,0.016265584112261422,0.010994552241754718,-4.279991794377565
-1.0191614916548133,-1.8979559124757845,-0.29344052452749264,-0.83478445171689,-0.11687054095576362,-0.11564477313368116,-4.277857691670458,0.007656677805546981,0.0160191384954184,0.010674993911986045,-4.267182699094216
-0.9939430120090643,-1.8654495952650905,-0.28660004939107847,-0.8352421512827277,-0.11573303017091045,-0.11947159350165748,-4.216439432154099,0.007419881910512534,0.0154798759346401,0.010248682294938286,-4.206190748140216
-0.9892440310989817,-1.8557589991639059,-0.2837473921244964,-0.8384330494639775,-0.11730639670107242,-0.12017474428769977,-4.204664594183366,0.007386537888426877,0.015339945379916268,0.010051153472886654,-4.194613433132569
-0.9860355240913729,-1.847353983670473,-0.282078952412121,-0.8406987944617867,-0.11861838063396135,-0.12051977399581422,-4.195305431882541,0.007339570072266118,0.015226534424679508,0.009917168277752353,-4.185388268902898
-0.9848360220591227,-1.8461056776965659,-0.28269175300374627,-0.8403225008708736,-0.1174325094082936,-0.1216832155987504,-4.193071668346723,0.007318326393336368,0.01514067317233033,0.009863268426973567,-4.183208401004474
-0.9810085278004408,-1.8440771497165163,-0.2832868851643677,-0.8412834778428078,-0.11681895568957164,-0.12152146610120933,-4.187996460745732,0.007284788097119114,0.015090413115103729,0.009656648461411047,-4.17833981787165
-0.9851287535081307,-1.8458044960473974,-0.2817301250761375,-0.8434552809533974,-0.11736999967858235,-0.12133277915321135,-4.194821435958147,0.007299982792270991,0.015051175503079625,0.00973746826336234,-4.18508395863076
-0.9819878968410194,-1.844083466567099,-0.28137979039456695,-0.8451982427698871,-0.11685243441994923,-0.12165122735314071,-4.191153051331639,0.007263921938526134,0.014990943362742351,0.00966241919074188,-4.18149063612024
-0.9782538452806572,-1.8377972170710564,-0.2819298085523769,-0.8458394948393106,-0.1166587235335707,-0.12152386998544291,-4.182002963498235,0.007212113085794651,0.014847160042942656,0.009506273348961258,-4.172496677065889
-0.9746635099872947,-1.834247103581826,-0.2800117973626281,-0.8458350235596299,-0.11732236256254207,-0.12273254770843778,-4.1748123454550905,0.007180666906303183,0.014851566338620614,0.009356418928291532,-4.165455932418506
-0.9763029377597073,-1.836934813298285,-0.2787000964162871,-0.8455023327842355,-0.1177101124485489,-0.12324350311246235,-4.178393819058935,0.007176424839902514,0.014838573639281094,0.009418713862639075,-4.168975101783872
-0.974055823093901,-1.8353131357580423,-0.2788625600126882,-0.8461983090577027,-0.11756471901511152,-0.12404181522409392,-4.176036350429058,0.007137265166723712,0.014746834785910323,0.00941799558737936,-4.1666183558603125
-0.973556884098798,-1.8350859793523948,-0.2780732597845296,-0.8473770922670761,-0.1192175583619246,-0.12394499523118914,-4.1772557614992065,0.007132033486414002,0.014689267765788827,0.009279542873628088,-4.167976217965285
-0.974858337858071,-1.831374214651684,-0.2775128247061123,-0.8469144927027324,-0.11763432007865049,-0.12431691266101552,-4.172611106187105,0.0071302911431606235,0.014635241796592405,0.009159573186479975,-4.163451525072257
-0.9739993748565515,-1.837681825272739,-0.27767626390171546,-0.8474695941743752,-0.11927913757729887,-0.12534974231190668,-4.1814559387664,0.007123634211893659,0.014646305709902663,0.009207242201834257,-4.172248711809516
-0.9717325861565769,-1.8359280632187922,-0.2762009738944471,-0.8487240755930543,-0.11844320236074661,-0.12497213399668301,-4.176001039644082,0.007083374365417209,0.014607154201560965,0.00907169477250136,-4.166929350545009
-0.9709526890267929,-1.8295228198791544,-0.2748899528135856,-0.8489997079595923,-0.12061714539595414,-0.12644933911603098,-4.171431651338935,0.0070789570224102745,0.014494057497358881,0.008952408860447273,-4.162479244793455
-0.9708712118056914,-1.8289889842271805,-0.2758260866782318,-0.84463655979683,-0.11979604984905261,-0.1268571650822802,-4.166976050163309,0.0070515537457443616,0.01445735244002814,0.008865841316946899,-4.1581102057049675
-0.963965667411685,-1.8162496251364548,-0.2725011636891092,-0.8487559207715094,-0.12069002963592841,-0.1284033017097196,-4.15056570370992,0.006988830818348409,0.01427772958171166,0.008676741817301567,-4.141888951261838
-0.9609941515761117,-1.8093246597175796,-0.27018227758041274,-0.8501251086903115,-0.12003660275877337,-0.12778202247379036,-4.138444820418954,0.006967295365029713,0.014178990485864537,0.008755042603297625,-4.129689769819379
-0.9577438533306122,-1.8115416175375383,-0.27101274525436264,-0.8530429469731947,-0.12051821789646056,-0.12764295872815032,-4.141502335046728,0.006947680253991469,0.01419099825337374,0.00864797989197541,-4.132854359224439
-0.9581803892118236,-1.8082889424016078,-0.2703286944888532,-0.852139233921965,-0.12077131069478735,-0.12852410275566703,-4.138232660790284,0.006944453557177137,0.014122218662426652,0.008543625286620227,-4.129689036558072
